{
    "0": [
        0,
        0.3214285714285714
    ],
    "1": [
        1,
        0.3116883116883117
    ],
    "2": [
        4,
        0.3116883116883117
    ],
    "3": [
        5,
        0.31818181818181823
    ],
    "4": [
        6,
        0.3311688311688312
    ],
    "5": [
        8,
        0.3311688311688312
    ],
    "6": [
        9,
        0.3344155844155844
    ],
    "7": [
        10,
        0.3344155844155844
    ],
    "8": [
        11,
        0.0032467532467532756
    ],
    "9": [
        12,
        0.33766233766233766
    ],
    "10": [
        13,
        0.34090909090909094
    ],
    "11": [
        14,
        0.34090909090909094
    ],
    "12": [
        15,
        0.3441558441558441
    ],
    "13": [
        16,
        0.3441558441558441
    ],
    "14": [
        17,
        0.3701298701298701
    ],
    "15": [
        18,
        0.3701298701298701
    ],
    "16": [
        19,
        0.37337662337662336
    ],
    "17": [
        20,
        0.37337662337662336
    ],
    "18": [
        21,
        0.4155844155844156
    ],
    "19": [
        22,
        0.4415584415584416
    ],
    "20": [
        23,
        0.737012987012987
    ],
    "21": [
        24,
        0.737012987012987
    ],
    "22": [
        25,
        0.7337662337662338
    ],
    "23": [
        26,
        0.7402597402597403
    ],
    "24": [
        27,
        0.7435064935064934
    ],
    "25": [
        28,
        0.7467532467532467
    ],
    "26": [
        32,
        0.7467532467532467
    ],
    "27": [
        33,
        0.75
    ],
    "28": [
        34,
        0.7532467532467533
    ],
    "29": [
        36,
        0.7532467532467533
    ],
    "30": [
        37,
        0.7694805194805194
    ],
    "31": [
        38,
        0.8636363636363636
    ],
    "32": [
        40,
        0.8636363636363636
    ],
    "33": [
        41,
        0.8701298701298701
    ],
    "34": [
        42,
        0.8798701298701299
    ],
    "35": [
        43,
        0.8831168831168831
    ],
    "36": [
        44,
        0.8863636363636364
    ],
    "37": [
        45,
        0.8896103896103896
    ],
    "38": [
        48,
        0.8896103896103896
    ],
    "39": [
        49,
        0.8993506493506493
    ],
    "40": [
        50,
        0.9058441558441559
    ],
    "41": [
        51,
        0.9058441558441559
    ],
    "42": [
        52,
        0.935064935064935
    ],
    "43": [
        59,
        0.935064935064935
    ],
    "44": [
        60,
        0.9415584415584416
    ],
    "45": [
        66,
        0.9415584415584416
    ],
    "46": [
        67,
        0.9448051948051948
    ],
    "47": [
        106,
        0.9448051948051948
    ],
    "48": [
        107,
        0.948051948051948
    ],
    "49": [
        108,
        0.948051948051948
    ],
    "50": [
        109,
        0.9707792207792207
    ],
    "51": [
        118,
        0.9707792207792207
    ],
    "52": [
        119,
        0.974025974025974
    ],
    "53": [
        120,
        0.974025974025974
    ],
    "54": [
        121,
        0.9675324675324676
    ],
    "55": [
        122,
        0.9642857142857143
    ],
    "56": [
        124,
        0.9642857142857143
    ],
    "57": [
        125,
        0.9675324675324676
    ],
    "58": [
        129,
        0.9675324675324676
    ],
    "59": [
        130,
        0.9772727272727273
    ],
    "60": [
        132,
        0.9772727272727273
    ],
    "61": [
        133,
        0.9805194805194806
    ],
    "62": [
        136,
        0.9805194805194806
    ],
    "63": [
        137,
        0.9837662337662337
    ],
    "64": [
        145,
        0.9837662337662337
    ],
    "65": [
        146,
        0.9935064935064936
    ],
    "66": [
        214,
        0.9935064935064936
    ],
    "67": [
        215,
        0.9967532467532467
    ],
    "68": [
        548,
        0.9967532467532467
    ],
    "69": [
        549,
        1.0
    ],
    "70": [
        2708,
        1.0
    ],
    "71": [
        2709,
        0.9967532467532467
    ],
    "72": [
        2711,
        0.9967532467532467
    ],
    "73": [
        2712,
        1.0
    ],
    "74": [
        3465,
        1.0
    ],
    "75": [
        3466,
        0.9967532467532467
    ],
    "76": [
        3531,
        0.9967532467532467
    ],
    "77": [
        3532,
        1.0
    ],
    "78": [
        9539,
        1.0
    ],
    "79": [
        9540,
        0.0032467532467532756
    ],
    "80": [
        9541,
        1.0
    ],
    "81": [
        16954,
        1.0
    ],
    "82": [
        16955,
        0.0032467532467532756
    ],
    "83": [
        16956,
        1.0
    ],
    "84": [
        16966,
        1.0
    ],
    "85": [
        16967,
        0.9967532467532467
    ],
    "86": [
        16968,
        1.0
    ],
    "87": [
        19915,
        1.0
    ],
    "88": [
        19916,
        0.9967532467532467
    ],
    "89": [
        19917,
        0.9967532467532467
    ],
    "90": [
        19918,
        1.0
    ],
    "91": [
        21588,
        1.0
    ],
    "92": [
        21589,
        0.9967532467532467
    ],
    "93": [
        21590,
        0.9967532467532467
    ],
    "94": [
        21591,
        1.0
    ],
    "95": [
        23772,
        1.0
    ],
    "96": [
        23773,
        0.9967532467532467
    ],
    "97": [
        24302,
        0.9967532467532467
    ],
    "98": [
        24303,
        1.0
    ],
    "99": [
        25676,
        1.0
    ],
    "100": [
        25677,
        0.9707792207792207
    ],
    "101": [
        25685,
        0.9707792207792207
    ],
    "102": [
        25686,
        1.0
    ],
    "103": [
        25694,
        1.0
    ],
    "104": [
        25695,
        0.9967532467532467
    ],
    "105": [
        25703,
        0.9967532467532467
    ],
    "106": [
        25704,
        1.0
    ],
    "107": [
        25791,
        1.0
    ],
    "108": [
        25792,
        0.9967532467532467
    ],
    "109": [
        25832,
        0.9967532467532467
    ],
    "110": [
        25833,
        1.0
    ],
    "111": [
        25957,
        1.0
    ],
    "112": [
        25958,
        0.935064935064935
    ],
    "113": [
        26005,
        0.935064935064935
    ],
    "114": [
        26006,
        1.0
    ],
    "115": [
        26242,
        1.0
    ],
    "116": [
        26243,
        0.9837662337662337
    ],
    "117": [
        26245,
        0.9837662337662337
    ],
    "118": [
        26246,
        1.0
    ],
    "119": [
        26338,
        1.0
    ],
    "120": [
        26339,
        0.9935064935064936
    ],
    "121": [
        26545,
        0.9935064935064936
    ],
    "122": [
        26546,
        0.9902597402597403
    ],
    "123": [
        26562,
        0.9902597402597403
    ],
    "124": [
        26563,
        0.9935064935064936
    ],
    "125": [
        26831,
        0.9935064935064936
    ],
    "126": [
        26832,
        0.9902597402597403
    ],
    "127": [
        26833,
        0.9902597402597403
    ],
    "128": [
        26834,
        0.987012987012987
    ],
    "129": [
        26835,
        0.9902597402597403
    ],
    "130": [
        26864,
        0.9902597402597403
    ],
    "131": [
        26865,
        0.9935064935064936
    ],
    "132": [
        26894,
        0.9935064935064936
    ],
    "133": [
        26895,
        0.0032467532467532756
    ],
    "134": [
        26896,
        0.9935064935064936
    ],
    "135": [
        27065,
        0.9935064935064936
    ],
    "136": [
        27066,
        1.0
    ],
    "137": [
        27229,
        1.0
    ],
    "138": [
        27230,
        0.9967532467532467
    ],
    "139": [
        27249,
        0.9967532467532467
    ],
    "140": [
        27250,
        1.0
    ],